{
  "Products": [
    {
      "Id": 2,
      "Name": "Laptop",
      "Description": "A high-performance laptop suitable for work and entertainment.",
      "Price": 999.99,
      "QuantityAvailable": 0
    },
    {
      "Id": 3,
      "Name": "Headphones",
      "Description": "Noise-canceling headphones for immersive audio experience.",
      "Price": 149.99,
      "QuantityAvailable": 0
    },
    {
      "Id": 4,
      "Name": "Beats Pods",
      "Description": "A high noise cancelling and unreal sound experiencing device for sound",
      "Price": 10000.0,
      "QuantityAvailable": 5
    }
  ]
}